PERFIL;IPD;PD;FAMA;ENGAJ;VALENCIA;MOD;RANKING;INTERESSE
Jair Bolsonaro;7752497;400000;295772;400000;385612;400000;1;400000
Luciano Huck;4265833;400000;400000;185540;377937;137829;2;141894
Lula;3680000;400000;194693;138546;252397;191920;3;282922
Arthur Lira;3659025;400000;340155;106547;400000;154618;4;145918
Rodrigo Maia;3250048;400000;196148;163877;112207;291566;5;148460
Guilherme Boulos;3165186;400000;234332;133965;197187;262734;6;117857
Ciro Gomes;2931187;400000;192188;138579;298244;172663;7;149902
Fernando Haddad;2600308;400000;166553;129659;219863;219805;8;114796
Joao Doria;2184852;400000;139046;125080;199466;121722;9;169368
Sergio Moro;2059456;400000;100000;134925;100000;229031;10;118572
Flavio Dino;1864218;400000;157379;105350;250471;114436;11;100000
Luiza Trajano;1603197;400000;175755;100025;100000;100066;12;119101
Rodrigo Pacheco;1578680;400000;142387;100527;100000;100000;13;145650
Alexandre Kalil;1563787;400000;166187;100000;100000;100000;14;121166
Jair Bolsonaro;7883408;400000;314250;400000;399485;400000;1;400000
Luciano Huck;4280303;400000;400000;202224;354920;142590;2;132977
Lula;3909417;400000;199821;166219;251790;214933;3;270052
Guilherme Boulos;3638908;400000;214617;153713;349242;287609;4;112937
Arthur Lira;3439352;400000;310359;108359;400000;147227;5;139709
Ciro Gomes;3101652;400000;194964;145392;278818;210247;6;144787
Rodrigo Maia;2813361;400000;238361;154702;112204;173733;7;147659
Fernando Haddad;2485722;400000;177407;130607;227470;184507;8;112109
Joao Doria;2247729;400000;162625;124255;187316;118930;9;166971
Sergio Moro;2002377;400000;100000;144924;100000;217536;10;108688
Flavio Dino;1902167;400000;158097;107671;249502;118972;11;100000
Rodrigo Pacheco;1587868;400000;148173;100502;100000;100000;12;141872
Alexandre Kalil;1530738;400000;165475;100000;100000;100000;13;115953
Luiza Trajano;1319854;400000;127537;100046;100000;100057;14;113982
Jair Bolsonaro;7895120;400000;316831;400000;398684;400000;1;400000
Luciano Huck;4482532;400000;400000;229304;360713;142727;2;138777
Lula;3767456;400000;206381;162298;252279;201831;3;254331
Alexandre Kalil;3442524;400000;168321;159081;242698;341280;4;112727
Guilherme Boulos;3211722;400000;213445;135233;327136;240831;5;108863
Arthur Lira;3156393;400000;285421;103526;400000;131744;6;131806
Ciro Gomes;2943663;400000;194779;138592;314559;181417;7;134730
Rodrigo Maia;2794013;400000;279542;137596;111867;151794;8;143049
Fernando Haddad;2329878;400000;181911;123962;214018;164817;9;110582
Joao Doria;2233682;400000;168806;120831;190650;114657;10;164612
Sergio Moro;1947696;400000;100000;120760;100000;226804;11;115140
Flavio Dino;1849284;400000;157712;104676;250414;111952;12;100000
Rodrigo Pacheco;1494406;400000;138216;100555;100000;100000;13;134544
Luiza Trajano;1234133;400000;115403;100000;100000;100041;14;110192
Jair Bolsonaro;7993272;400000;334818;400000;400000;400000;1;400000
Luciano Huck;4543688;400000;400000;236944;370055;143142;2;137506
Lula;3605150;400000;210853;151519;253335;169966;3;260774
Alexandre Kalil;3371709;400000;172045;158741;243107;331382;4;105805
Guilherme Boulos;3208475;400000;216302;133695;352041;228757;5;107511
Joao Doria;3153748;400000;222709;129850;221156;130970;6;240619
Arthur Lira;3093591;400000;270994;104188;397652;139612;7;127358
Rodrigo Maia;2988608;400000;307075;139457;140444;149496;8;139782
Ciro Gomes;2979965;400000;198431;137318;342317;170497;9;137130
Fernando Haddad;2487275;400000;189115;127401;231841;176701;10;109885
Sergio Moro;1886612;400000;100000;120679;100000;216550;11;113685
Flavio Dino;1874680;400000;162777;105636;243341;113935;12;100000
Rodrigo Pacheco;1385951;400000;128071;100000;100000;100000;13;125342
Luiza Trajano;1209320;400000;112772;100019;100000;100043;14;108228
Jair Bolsonaro;8096994;400000;354457;400000;400000;400000;1;400000
Luciano Huck;4591662;400000;400000;237682;358500;161003;2;133975
Lula;3585855;400000;208343;150204;252987;171759;3;259556
Joao Doria;3484464;400000;227128;128045;222871;140213;4;288017
Alexandre Kalil;3469959;400000;170241;158243;242782;357972;5;101431
Guilherme Boulos;3323996;400000;210235;136074;358288;254325;6;105407
Ciro Gomes;3152450;400000;195307;161079;349287;180953;7;134060
Arthur Lira;3101517;400000;266746;104880;393520;151569;8;122940
Rodrigo Maia;3056111;400000;300316;141298;147191;167650;9;136866
Fernando Haddad;2948861;400000;187988;133323;366255;200498;10;107942
Sergio Moro;1992917;400000;100000;120954;100000;229770;11;120291
Flavio Dino;1914042;400000;167076;105950;246414;115398;12;100000
Rodrigo Pacheco;1280486;400000;120013;100054;100000;100356;13;113767
Luiza Trajano;1177784;400000;109909;100000;100000;100000;14;105365
Jair Bolsonaro;8088607;400000;352869;400000;400000;400000;1;400000
Luciano Huck;4558591;400000;400000;247777;346516;153741;2;129537
Lula;3710058;400000;222581;158664;252799;179138;3;253023
Joao Doria;3456371;400000;224974;125456;229621;135659;4;288939
Ciro Gomes;3375376;400000;194624;195479;360370;182174;5;133479
Alexandre Kalil;3343582;400000;165760;158041;242598;339773;6;100000
Guilherme Boulos;3184372;400000;206308;136201;364551;229490;7;104046
Arthur Lira;3159286;400000;281414;105153;386044;150722;8;123123
Rodrigo Maia;3113764;400000;288901;151754;152930;174314;9;138685
Fernando Haddad;2972397;400000;186933;137466;374907;197632;10;107811
Sergio Moro;1945138;400000;100000;121003;100000;220576;11;120106
Flavio Dino;1908872;400000;165603;106505;246316;114099;12;101123
Rodrigo Pacheco;1238534;400000;119134;100042;100000;100206;13;107276
Luiza Trajano;1162938;400000;108860;100000;100000;100000;14;103709
Jair Bolsonaro;8142401;400000;363055;400000;400000;400000;1;400000
Luciano Huck;4625362;400000;400000;252084;368806;154856;2;126488
Lula;3887617;400000;272487;155737;250185;172107;3;248215
Ciro Gomes;3449312;400000;201407;206510;356977;180754;4;131767
Joao Doria;3353754;400000;226302;126143;227553;132888;5;272133
Alexandre Kalil;3286183;400000;151910;160219;240514;341393;6;100000
Guilherme Boulos;3271334;400000;220625;139678;375868;221475;7;104980
Arthur Lira;3211413;400000;296412;105190;377542;148908;8;123550
Fernando Haddad;2894639;400000;183947;138015;376613;183244;9;108586
Rodrigo Maia;2797105;400000;276053;144122;159977;131459;10;138171
Flavio Dino;1957006;400000;170890;106712;244043;117739;11;102168
Sergio Moro;1939141;400000;100000;121654;100000;221303;12;117713
Rodrigo Pacheco;1648716;400000;112978;105320;262014;101436;13;110309
Luiza Trajano;1321533;400000;138320;100000;100000;100000;14;104244
Jair Bolsonaro;8337521;400000;400000;400000;400000;400000;1;400000
Luciano Huck;4542412;400000;366415;284399;382439;129929;2;127230
Lula;3808410;400000;276309;156300;250763;140770;3;258226
Joao Doria;3509682;400000;230944;132068;236388;135735;4;283118
Arthur Lira;3444897;400000;327385;105894;385759;154189;5;126955
Ciro Gomes;3376412;400000;196479;214918;368797;155617;6;132684
Alexandre Kalil;3195150;400000;127536;162308;240646;346363;7;100000
Guilherme Boulos;2908432;400000;259288;124883;228069;192829;8;108379
Fernando Haddad;2885947;400000;176750;138584;370123;191277;9;108687
Rodrigo Maia;2755611;400000;271313;136278;178603;129433;10;137116
Flavio Dino;1873216;400000;159594;105784;245592;114588;11;101024
Rodrigo Pacheco;1816754;400000;143195;105849;262165;101458;12;111189
Sergio Moro;1782280;400000;100000;117209;100000;193618;13;119523
Luiza Trajano;1337114;400000;140286;100000;100000;100000;14;105169
Jair Bolsonaro;8337521;400000;400000;400000;400000;400000;1;400000
Luciano Huck;3969230;400000;359727;202388;389622;123562;2;117786
Lula;3879013;400000;284745;152359;250449;143202;3;264798
Arthur Lira;3463762;400000;340073;114707;357945;146370;4;128414
Joao Doria;3404200;400000;203526;139277;228045;126066;5;295138
Ciro Gomes;3343632;400000;211039;207879;359214;146930;6;132340
Fernando Haddad;2955557;400000;189180;152230;370440;178101;7;107346
Guilherme Boulos;2885922;400000;263703;137297;237052;164211;8;109782
Rodrigo Maia;2848895;400000;271399;150249;202861;125633;9;132491
Flavio Dino;1890354;400000;162496;108174;245067;112866;10;100704
Rodrigo Pacheco;1868581;400000;151410;105682;261832;101301;11;113146
Sergio Moro;1764045;400000;100000;141585;100000;163265;12;119068
Alexandre Kalil;1271224;400000;133309;100000;100000;100000;13;100000
Luiza Trajano;1270739;400000;126917;100103;100000;100124;14;105705
Jair Bolsonaro;8337521;400000;400000;400000;400000;400000;1;400000
Lula;3749492;400000;265596;153412;249906;141440;2;260509
Luciano Huck;3451705;400000;328344;139130;385473;116736;3;127614
Arthur Lira;3345631;400000;317072;113710;360713;142461;4;132400
Ciro Gomes;3252174;400000;196231;205374;363869;148995;5;128664
Joao Doria;2992562;400000;175587;130672;219658;118039;6;267796
Guilherme Boulos;2690491;400000;243973;132896;234923;150375;7;111533
Fernando Haddad;2590832;400000;174509;137753;360938;141576;8;108279
Rodrigo Maia;2483198;400000;244221;133567;172038;114837;9;132952
Rodrigo Pacheco;1873537;400000;148754;105791;261835;101045;10;116645
Flavio Dino;1773265;400000;142906;106508;250800;110146;11;100000
Alexandre Kalil;1640276;400000;124284;111298;237809;103866;12;100224
Sergio Moro;1443325;400000;100000;120326;100000;125381;13;118128
Luiza Trajano;1265811;400000;123623;100000;100000;100000;14;108142
Jair Bolsonaro;8337521;400000;400000;400000;400000;400000;1;400000
Lula;3485029;400000;213974;158793;250739;136871;2;260283
Guilherme Boulos;3478630;400000;227924;231600;382610;138834;3;113694
Luciano Huck;3464806;400000;320260;146294;387059;114200;4;131875
Arthur Lira;3171457;400000;291492;112783;363087;132872;5;134102
Joao Doria;2583163;400000;161547;131509;220776;112568;6;211779
Fernando Haddad;2513068;400000;163869;142450;365117;128810;7;109487
Ciro Gomes;2391551;400000;180402;130941;225632;144639;8;129267
Rodrigo Maia;2355192;400000;221455;135255;172438;112835;9;131500
Rodrigo Pacheco;1927766;400000;154013;106314;262734;100970;10;120506
Flavio Dino;1719920;400000;135638;105830;251063;107857;11;100000
Alexandre Kalil;1645827;400000;123288;111937;238575;103374;12;101618
Sergio Moro;1388365;400000;100000;120538;100000;121719;13;111464
Luiza Trajano;1266167;400000;121555;100000;100000;100000;14;110148
Jair Bolsonaro;8337521;400000;400000;400000;400000;400000;1;400000
Luciano Huck;3488566;400000;313346;144480;392532;118175;2;138494
Guilherme Boulos;3433150;400000;221496;230809;378301;137320;3;115667
Lula;3404459;400000;192074;156498;250996;134633;4;270794
Arthur Lira;3161693;400000;287268;112324;368525;131943;5;135323
Fernando Haddad;2636511;400000;166505;157704;362448;129104;6;114312
Joao Doria;2484239;400000;158857;133594;200380;114441;7;201590
Ciro Gomes;2303087;400000;168850;125200;226219;137035;8;136900
Rodrigo Maia;2154846;400000;198663;137291;144675;112354;9;127498
Rodrigo Pacheco;1918435;400000;149385;105845;262766;101043;10;123594
Flavio Dino;1695630;400000;134183;104268;249780;106961;11;100000
Alexandre Kalil;1681346;400000;126788;111416;238601;103506;12;105049
Sergio Moro;1405008;400000;100000;120997;100000;122633;13;113127
Luiza Trajano;1235592;400000;114044;100000;100000;100000;14;111767
Jair Bolsonaro;8337521;400000;400000;400000;400000;400000;1;400000
Lula;3473606;400000;185685;150329;251273;134284;2;295590
Luciano Huck;3434391;400000;313580;129465;399565;112198;3;146363
Guilherme Boulos;3230285;400000;213345;205751;365532;139470;4;116255
Arthur Lira;3183316;400000;282279;113319;370024;135736;5;138755
Fernando Haddad;2574234;400000;165290;149703;360174;126903;6;115497
Ciro Gomes;2468613;400000;184785;130213;212946;150981;7;139254
Joao Doria;2456605;400000;154815;132139;196171;115567;8;202729
Rodrigo Maia;1968721;400000;168211;137937;116628;120483;9;126929
Alexandre Kalil;1686908;400000;126049;110611;238501;103638;10;107476
Flavio Dino;1673780;400000;134853;102926;250038;103377;11;100000
Sergio Moro;1419250;400000;100000;121615;100000;123969;12;113816
Rodrigo Pacheco;1297801;400000;123688;100318;100000;100345;13;113135
Luiza Trajano;1267177;400000;119247;100000;100000;100000;14;112497
Jair Bolsonaro;8337521;400000;400000;400000;400000;400000;1;400000
Luciano Huck;3483130;400000;319895;129791;399723;114036;2;147029
Lula;3438351;400000;182325;144754;250968;148911;3;284970
Guilherme Boulos;3279193;400000;225419;209379;357930;142323;4;110568
Arthur Lira;3137587;400000;275550;113967;364180;136324;5;138243
Ciro Gomes;2670153;400000;210562;134235;210503;160272;6;139385
Fernando Haddad;2566550;400000;162285;149466;361413;129500;7;114303
Joao Doria;2337152;400000;146583;131184;188200;114344;8;194701
Rodrigo Maia;1721270;400000;160708;120992;114211;101170;9;125815
Alexandre Kalil;1600210;400000;110031;110743;238169;103906;10;106866
Flavio Dino;1591333;400000;124463;103759;233682;104734;11;100000
Luiza Trajano;1242257;400000;116269;100081;100000;100041;12;110742
Sergio Moro;1201724;400000;100000;100000;100000;100000;13;118940
Rodrigo Pacheco;1183059;400000;105534;100413;100000;100420;14;109612
Jair Bolsonaro;8326121;400000;400000;400000;395254;400000;1;400000
Luciano Huck;3724188;400000;370183;127624;400000;110263;2;148187
Arthur Lira;3583719;400000;325663;117305;381025;147053;3;150173
Lula;3440029;400000;198887;146544;249305;128094;4;287536
Guilherme Boulos;3404259;400000;249042;185514;352305;165636;5;116121
Ciro Gomes;2956258;400000;233952;138224;200199;181722;6;149136
Fernando Haddad;2742122;400000;182737;151621;367984;136817;7;114662
Joao Doria;2357642;400000;154970;129510;191554;120764;8;184892
Rodrigo Maia;1799619;400000;177156;117805;113493;100362;9;128589
Alexandre Kalil;1679093;400000;124106;111964;236581;105183;10;105948
Flavio Dino;1664990;400000;137799;104235;230184;106475;11;100000
Rodrigo Pacheco;1254895;400000;117419;100500;100000;100588;12;110984
Luiza Trajano;1230694;400000;114975;100046;100000;100037;13;109940
Sergio Moro;1173121;400000;100000;100000;100000;100000;14;113849
Jair Bolsonaro;8337521;400000;400000;400000;400000;400000;1;400000
Arthur Lira;3855738;400000;355394;113073;382448;158593;2;163840
Luciano Huck;3814411;400000;383334;145025;391137;110883;3;137380
Lula;3386758;400000;210852;139564;252229;130552;4;270434
Guilherme Boulos;3290299;400000;247186;165086;336363;177641;5;114286
Ciro Gomes;2910149;400000;241682;127215;194090;181739;6;147477
Fernando Haddad;2825918;400000;196437;147682;369178;143282;7;114316
Rodrigo Maia;2642220;400000;186414;163750;137869;190697;8;130398
Joao Doria;2307669;400000;171614;123728;177337;117170;9;175593
Flavio Dino;1735054;400000;149895;103252;234470;106771;10;100000
Sergio Moro;1530682;400000;100000;112201;100000;155877;11;114197
Rodrigo Pacheco;1343826;400000;132244;100341;100000;100716;12;112923
Alexandre Kalil;1343399;400000;140273;100000;100000;100000;13;106300
Luiza Trajano;1202602;400000;111782;100040;100000;100063;14;107924
Jair Bolsonaro;8337521;400000;400000;400000;400000;400000;1;400000
Arthur Lira;4068170;400000;361256;120392;380574;160706;2;187559
Luciano Huck;3891053;400000;394307;147746;389574;110416;3;139026
Ciro Gomes;3520293;400000;246609;167220;334165;183373;4;149312
Lula;3421606;400000;208690;145751;251412;131847;5;271535
Guilherme Boulos;3028632;400000;232254;135670;326999;180076;6;113508
Fernando Haddad;2886523;400000;189637;173678;363587;135169;7;114782
Rodrigo Maia;2519989;400000;182173;166701;139248;164833;8;132575
Joao Doria;2368146;400000;173212;131699;171958;119105;9;177272
Flavio Dino;1721152;400000;146170;104072;234670;106888;10;100000
Sergio Moro;1595780;400000;100000;119366;100000;157643;11;116877
Rodrigo Pacheco;1370900;400000;137883;100000;100000;100000;12;113441
Alexandre Kalil;1339945;400000;138433;100000;100000;100000;13;107414
Luiza Trajano;1184327;400000;108896;100061;100000;100062;14;107363
Jair Bolsonaro;8337521;400000;400000;400000;400000;400000;1;400000
Arthur Lira;4367573;400000;383856;126419;380322;176504;2;199191
Luciano Huck;4026960;400000;399894;173076;389846;106838;3;135296
Ciro Gomes;3508323;400000;228762;170038;336410;204291;4;141086
Guilherme Boulos;3159982;400000;232633;140982;332803;196947;5;113282
Lula;3092640;400000;212547;106777;251322;112021;6;267153
Fernando Haddad;2658277;400000;194924;130351;366191;137659;7;109954
Rodrigo Maia;2616051;400000;180795;171468;145541;175073;8;134100
Joao Doria;2369726;400000;179307;129946;192987;114890;9;168457
Rodrigo Pacheco;2048674;400000;146174;110560;319338;103304;10;118744
Flavio Dino;1737938;400000;149462;104371;230967;108176;11;100000
Sergio Moro;1650609;400000;100000;119733;100000;166703;12;118014
Alexandre Kalil;1349888;400000;142784;100000;100000;100000;13;105094
Luiza Trajano;1175269;400000;106569;100097;100000;100088;14;107877
Jair Bolsonaro;7923013;400000;321515;400000;400000;400000;1;400000
Arthur Lira;4818497;400000;400000;127871;380618;176037;2;263089
Rodrigo Pacheco;4086301;400000;317883;111254;319738;103097;3;319303
Lula;3601617;400000;177361;144574;381947;153897;4;258348
Luciano Huck;3595873;400000;336602;165262;387723;106098;5;127607
Ciro Gomes;3013212;400000;170200;161908;344322;177311;6;137470
Rodrigo Maia;2760979;400000;157061;178078;151546;168499;7;178884
Guilherme Boulos;2753797;400000;182574;134815;328747;176442;8;114723
Fernando Haddad;2580198;400000;164491;133417;372887;149457;9;107940
Joao Doria;2120629;400000;154625;127224;189292;112880;10;153507
Sergio Moro;1869836;400000;104009;126523;100000;191324;11;123936
Flavio Dino;1650751;400000;136025;103678;229785;106335;12;100000
Alexandre Kalil;1299058;400000;135025;100000;100000;100000;13;103342
Luiza Trajano;1139385;400000;100000;100078;100000;100083;14;107690
Jair Bolsonaro;7514121;400000;303511;400000;400000;400000;1;344150
Arthur Lira;5521956;400000;400000;127297;380146;164031;2;400000
Rodrigo Pacheco;4246444;400000;324240;116250;385948;109777;3;302357
Lula;3726917;400000;168325;173128;278066;195020;4;267027
Luciano Huck;3429584;400000;328192;159818;387116;104837;5;112869
Guilherme Boulos;2652086;400000;165184;131215;369915;159924;6;114069
Ciro Gomes;2591406;400000;157044;145103;341710;139333;7;127570
Rodrigo Maia;2524617;400000;136748;156645;151683;135056;8;208127
Fernando Haddad;2397093;400000;156672;123522;378205;134791;9;103858
Joao Doria;1950266;400000;149250;127042;192397;113592;10;126448
Sergio Moro;1794514;400000;106230;126271;100000;178908;11;120000
Flavio Dino;1666438;400000;133558;102560;249604;103893;12;100000
Alexandre Kalil;1271218;400000;131899;100000;100000;100000;13;101324
Luiza Trajano;1121070;400000;100000;100627;100000;100067;14;103885
Jair Bolsonaro;7483964;400000;282226;400000;400000;400000;1;358789
Arthur Lira;5492230;400000;400000;127168;384837;156159;2;400000
Rodrigo Pacheco;4114083;400000;312190;110781;386861;110658;3;294506
Lula;3686478;400000;155719;176444;277490;196003;4;267653
Luciano Huck;3308144;400000;314740;160771;379673;101247;5;109379
Ciro Gomes;2501485;400000;142900;148401;347162;134072;6;123960
Rodrigo Maia;2444144;400000;123973;158162;152033;135153;7;204029
Guilherme Boulos;2420808;400000;149307;128494;360961;150392;8;103107
Fernando Haddad;2365310;400000;144206;123928;377673;142352;9;102851
Joao Doria;1808117;400000;134709;124910;185889;111137;10;122006
Sergio Moro;1790424;400000;105249;125047;100000;178280;11;122012
Flavio Dino;1620535;400000;125404;102478;249162;103638;12;100000
Alexandre Kalil;1221476;400000;123248;100000;100000;100000;13;100603
Luiza Trajano;1117598;400000;100000;100571;100000;100054;14;103337
Jair Bolsonaro;7465555;400000;276503;400000;398500;400000;1;361534
Arthur Lira;5728644;400000;400000;139434;382681;189670;2;400000
Lula;4271302;400000;151658;193931;316985;259123;3;283405
Rodrigo Pacheco;4098562;400000;306035;110314;384003;110836;4;299064
Luciano Huck;3259427;400000;308134;146263;400000;106488;5;108239
Ciro Gomes;2487056;400000;136861;149611;352069;135808;6;122157
Fernando Haddad;2343953;400000;140088;125075;372301;144518;7;102077
Guilherme Boulos;2326030;400000;142969;127556;361301;139473;8;102945
Rodrigo Maia;2256963;400000;120089;149136;129975;125275;9;201982
Sergio Moro;1837522;400000;103185;127388;100000;187820;10;121268
Joao Doria;1798727;400000;127799;124853;195963;112718;11;121142
Flavio Dino;1605925;400000;123455;102341;248338;103333;12;100000
Alexandre Kalil;1211709;400000;121865;100000;100000;100000;13;100164
Luiza Trajano;1117340;400000;100000;100608;100000;100055;14;103252
Jair Bolsonaro;7422713;400000;274398;400000;399270;400000;1;355559
Arthur Lira;5785838;400000;400000;141529;383566;198094;2;400000
Rodrigo Pacheco;4326104;400000;316725;113680;387045;126007;3;310976
Lula;4311809;400000;150981;191014;317665;252328;4;300117
Luciano Huck;3314805;400000;308589;144662;400000;111030;5;115165
Ciro Gomes;2486016;400000;134908;153232;341205;137317;6;123388
Fernando Haddad;2406738;400000;140001;126807;379144;148390;7;105118
Guilherme Boulos;2383437;400000;140885;130869;358264;149703;8;103733
Rodrigo Maia;1971141;400000;117857;117568;117735;108383;9;205982
Sergio Moro;1914774;400000;103428;127999;100000;190915;10;131348
Joao Doria;1744410;400000;124282;118725;197758;109893;11;122827
Flavio Dino;1602950;400000;122751;102148;247700;103446;12;100500
Alexandre Kalil;1207366;400000;121218;100000;100000;100000;13;100000
Luiza Trajano;1119459;400000;100000;100572;100000;100058;14;103663
Jair Bolsonaro;7391921;400000;298160;400000;386697;400000;1;333118
Arthur Lira;5700932;400000;400000;138351;382776;185419;2;400000
Lula;4213203;400000;162495;195706;316847;234647;3;283407
Rodrigo Pacheco;4153518;400000;287679;110409;393343;120174;4;313511
Luciano Huck;3126640;400000;307255;118322;400000;104337;5;115857
Ciro Gomes;2453383;400000;147920;159087;294679;133035;6;123172
Fernando Haddad;2424125;400000;151245;120607;365107;148575;7;109793
Guilherme Boulos;2376554;400000;152516;126049;353134;143830;8;104024
Rodrigo Maia;1963408;400000;118634;115165;117669;107153;9;207471
Sergio Moro;1902342;400000;100000;123320;100000;176831;10;149944
Flavio Dino;1709403;400000;136937;103176;247865;105710;11;102932
Joao Doria;1699759;400000;121791;116204;193513;108650;12;122737
Alexandre Kalil;1264794;400000;132092;100000;100000;100000;13;100000
Luiza Trajano;1233775;400000;121698;100601;100000;100049;14;103592
Jair Bolsonaro;7504816;400000;324092;400000;382287;400000;1;330721
Arthur Lira;5735959;400000;400000;137204;382899;193495;2;400000
Luciano Huck;4417366;400000;321652;235856;400000;209095;3;116947
Lula;3822460;400000;180006;152758;171414;222841;4;314077
Rodrigo Pacheco;3682023;400000;283979;109705;393091;119111;5;234867
Guilherme Boulos;2550865;400000;170474;147443;361351;132451;6;103216
Fernando Haddad;2496867;400000;166936;118375;375920;141972;7;111652
Rodrigo Maia;1967979;400000;138484;115203;117654;107288;8;189471
Ciro Gomes;1963674;400000;164314;112941;171016;127725;9;125318
Flavio Dino;1859948;400000;152547;103490;248558;105955;10;114214
Joao Doria;1775496;400000;123841;117361;210394;108787;11;125770
Sergio Moro;1374653;400000;100000;100000;100000;100000;12;149717
Luiza Trajano;1346948;400000;143504;100748;100000;100050;13;103087
Alexandre Kalil;1342328;400000;146772;100000;100000;100000;14;100000
Jair Bolsonaro;7843570;400000;316630;400000;377665;400000;1;400000
Arthur Lira;5823952;400000;400000;151942;387350;216854;2;377481
Luciano Huck;4455474;400000;327890;244916;400000;186070;3;129590
Lula;4179844;400000;177963;158160;249568;200731;4;360814
Rodrigo Pacheco;3751849;400000;258517;110578;394269;122862;5;266420
Ciro Gomes;2733392;400000;162478;157605;336807;132486;6;143322
Fernando Haddad;2626042;400000;166202;136318;373975;133697;7;125414
Guilherme Boulos;2504294;400000;170019;150395;335339;131164;8;104638
Rodrigo Maia;1994021;400000;132305;132380;121664;108661;9;179449
Joao Doria;1971004;400000;117643;116108;210427;107009;10;169272
Flavio Dino;1853837;400000;149559;104436;243328;105867;11;117287
Sergio Moro;1775765;400000;100000;115402;100000;146693;12;162914
Luiza Trajano;1435235;400000;146602;104606;100000;100447;13;111595
Alexandre Kalil;1331096;400000;144646;100000;100000;100000;14;100000
Jair Bolsonaro;7762853;400000;303124;400000;373758;400000;1;400000
Arthur Lira;5561417;400000;400000;162204;383313;248818;2;292935
Luciano Huck;4595348;400000;344062;247779;400000;183118;3;139054
Lula;4254549;400000;178245;189504;249137;183656;4;357635
Rodrigo Pacheco;3612881;400000;249184;112115;393860;126808;5;245476
Ciro Gomes;2722236;400000;161521;148297;334345;136879;6;148774
Fernando Haddad;2688732;400000;165852;136954;374973;129429;7;139710
Guilherme Boulos;2493614;400000;170745;146341;338205;129141;8;106801
Joao Doria;2152215;400000;114447;115712;218792;106927;9;201429
Rodrigo Maia;2039346;400000;126067;142908;122465;108489;10;182467
Flavio Dino;1864393;400000;147126;105335;245725;107375;11;118139
Sergio Moro;1761612;400000;100000;114657;100000;147144;12;160743
Luiza Trajano;1675661;400000;152849;105565;100000;103090;13;145131
Alexandre Kalil;1301375;400000;139018;100000;100000;100000;14;100000
Jair Bolsonaro;7667229;400000;287206;400000;368947;400000;1;400000
Arthur Lira;4952072;400000;400000;155989;386373;205233;2;229181
Luciano Huck;4667796;400000;346550;253212;400000;185488;3;141917
Lula;4642199;400000;167296;227071;242344;199941;4;386725
Rodrigo Pacheco;3069423;400000;191528;113180;395994;127972;5;199892
Ciro Gomes;2872424;400000;151972;161994;334988;141457;6;166082
Fernando Haddad;2590419;400000;151307;127077;378555;127669;7;146019
Guilherme Boulos;2488140;400000;163966;151717;331500;130199;8;108624
Joao Doria;2228422;400000;110606;119677;222852;108026;9;211828
Rodrigo Maia;1957305;400000;116713;146109;122445;105310;10;176299
Luiza Trajano;1928292;400000;160853;109379;100000;103510;11;178302
Sergio Moro;1910003;400000;100000;118509;100000;150663;12;180026
Flavio Dino;1846230;400000;138584;106242;245361;108153;13;121458
Alexandre Kalil;1248559;400000;129018;100000;100000;100000;14;100000
Jair Bolsonaro;7550202;400000;275610;400000;370429;400000;1;389438
Lula;5137824;400000;161834;241041;381146;207081;2;400000
Arthur Lira;4864452;400000;400000;155309;385720;218609;3;202383
Luciano Huck;4738253;400000;341116;259371;400000;197949;4;141947
Ciro Gomes;2882309;400000;145830;162091;320076;147691;5;174218
Rodrigo Pacheco;2714129;400000;178468;107648;390400;115575;6;168245
Fernando Haddad;2572952;400000;143958;124836;372921;133710;7;149010
Guilherme Boulos;2434601;400000;157280;143097;348965;123730;8;112585
Joao Doria;2204170;400000;112158;118326;228809;108504;9;204446
Luiza Trajano;2019488;400000;160014;109826;100000;102916;10;195406
Rodrigo Maia;1896681;400000;111437;146809;122394;105754;11;169373
Sergio Moro;1872867;400000;100000;117486;100000;145031;12;179585
Flavio Dino;1834039;400000;132703;107105;244562;110635;13;122021
Alexandre Kalil;1220679;400000;123739;100000;100000;100000;14;100000
Jair Bolsonaro;7540103;400000;275557;400000;393834;400000;1;377685
Lula;5191748;400000;156279;269378;370059;196848;2;400000
Arthur Lira;4704008;400000;400000;144672;385230;218876;3;184632
Luciano Huck;4669267;400000;328839;273198;400000;192018;4;132520
Ciro Gomes;2770778;400000;140229;157010;313399;144564;5;170509
Rodrigo Pacheco;2570657;400000;176517;101460;389140;113132;6;153611
Fernando Haddad;2482728;400000;138266;122754;380135;130331;7;140417
Guilherme Boulos;2374709;400000;152430;137301;371690;115765;8;109925
Joao Doria;2101602;400000;110370;113374;222183;103789;9;200042
Luiza Trajano;2048904;400000;161744;110799;100000;100000;10;200678
Alexandre Kalil;2026588;400000;122455;142335;100000;211525;11;100000
Rodrigo Maia;1975704;400000;105940;158953;122356;121954;12;161503
Sergio Moro;1842558;400000;100000;109221;100000;167258;13;162382
Flavio Dino;1722694;400000;128784;100000;244394;105168;14;118175
Jair Bolsonaro;7755189;400000;292437;400000;394065;400000;1;400000
Lula;5099128;400000;163804;244310;369256;199575;2;399845
Arthur Lira;4594602;400000;400000;139860;384386;214167;3;174710
Luciano Huck;3970024;400000;352087;189470;400000;113984;4;142551
Ciro Gomes;2844550;400000;144532;168503;297503;143925;5;175261
Rodrigo Pacheco;2567767;400000;178604;101583;388285;113142;6;151366
Fernando Haddad;2495147;400000;139859;122083;356319;139641;7;143520
Guilherme Boulos;2274968;400000;161517;116498;351403;115518;8;113723
Luiza Trajano;2216216;400000;178975;110446;100000;100000;9;214618
Joao Doria;2125358;400000;116658;110611;216960;103613;10;203567
Alexandre Kalil;2033360;400000;126875;139932;100000;210974;11;100000
Rodrigo Maia;1990421;400000;111797;152666;122290;122065;12;164950
Sergio Moro;1893742;400000;100000;109028;100000;166926;13;171990
Flavio Dino;1707961;400000;132332;100000;245250;105208;14;111815
Jair Bolsonaro;7830880;400000;306201;400000;395313;400000;1;400000
Lula;5099286;400000;173420;254759;369256;209338;2;371302
Arthur Lira;4290151;400000;400000;136353;384386;178404;3;156649
Luciano Huck;4065224;400000;368041;190684;400000;113631;4;143582
Ciro Gomes;2997465;400000;151115;185541;292383;142092;5;182787
Fernando Haddad;2548603;400000;146971;119535;361289;144131;6;142733
Rodrigo Pacheco;2477822;400000;198955;100040;357797;103631;7;139490
Guilherme Boulos;2427734;400000;172712;124084;359734;120499;8;114566
Luiza Trajano;2319594;400000;186213;117449;100000;100000;9;219079
Joao Doria;2173193;400000;124308;113604;218660;104253;10;200532
Alexandre Kalil;2110564;400000;135832;140794;100000;215855;11;100000
Sergio Moro;1890406;400000;100000;110704;100000;174802;12;162520
Flavio Dino;1747270;400000;139335;100000;248533;105275;13;110764
Rodrigo Maia;1657543;400000;117216;109738;100000;133442;14;143523
Jair Bolsonaro;7898055;400000;319018;400000;395098;400000;1;400000
Lula;5068700;400000;197888;241851;370066;204091;2;360442
Luciano Huck;4176802;400000;361415;214716;400000;110310;3;148205
Arthur Lira;3387175;400000;400000;113135;100000;171064;4;147849
Ciro Gomes;3038181;400000;171370;174438;306921;135026;5;182523
Fernando Haddad;2709213;400000;170303;119647;360505;148379;6;145742
Rodrigo Pacheco;2613179;400000;229643;100000;358538;106068;7;132242
Guilherme Boulos;2546484;400000;188671;123142;359980;128590;8;114190
Joao Doria;2255156;400000;134021;114643;216366;106985;9;203425
Luiza Trajano;2251925;400000;186091;116431;100000;100000;10;208188
Alexandre Kalil;2195301;400000;158222;142054;100000;207891;11;100000
Sergio Moro;1948898;400000;100000;113038;100000;187478;12;159015
Flavio Dino;1864472;400000;161199;100710;237613;109489;13;111183
Rodrigo Maia;1788255;400000;134424;116064;100000;147761;14;131134
Jair Bolsonaro;7927713;400000;324756;400000;394829;400000;1;400000
Lula;4583145;400000;197080;206239;372755;188128;2;324447
Luciano Huck;4168289;400000;369163;212810;400000;106511;3;144808
Arthur Lira;3336563;400000;400000;118811;100000;166680;4;137048
Ciro Gomes;2984609;400000;172712;180925;296890;139820;5;165043
Fernando Haddad;2836729;400000;170797;134123;363754;158767;6;142380
Rodrigo Pacheco;2642953;400000;243806;100000;356132;106282;7;125063
Guilherme Boulos;2570646;400000;190495;125817;355978;132793;8;111936
Alexandre Kalil;2376307;400000;163201;144811;246913;166056;9;100000
Joao Doria;2104154;400000;131689;112782;206034;105076;10;186793
Luiza Trajano;2034582;400000;179981;109718;100000;100000;11;182088
Sergio Moro;2007912;400000;100000;120256;100000;185351;12;164100
Flavio Dino;1876432;400000;165147;100607;238732;109392;13;109313
Rodrigo Maia;1780753;400000;136127;123423;100000;146547;14;121804
Jair Bolsonaro;7873056;400000;312364;400000;399321;400000;1;400000
Luciano Huck;3993889;400000;323257;224081;400000;117336;2;135582
Lula;3961767;400000;179598;176987;329071;171558;3;293849
Arthur Lira;3490837;400000;400000;130619;100000;186063;4;134833
Ciro Gomes;2863435;400000;161443;175544;331459;132736;5;151222
Fernando Haddad;2676871;400000;158696;128824;364263;159184;6;130105
Rodrigo Pacheco;2651564;400000;242736;100000;369680;108364;7;119915
Guilherme Boulos;2533499;400000;176696;130909;364273;133853;8;108597
Alexandre Kalil;2222051;400000;149575;141794;248696;152505;9;100000
Joao Doria;2019018;400000;129412;110769;205373;104721;10;176437
Sergio Moro;1990765;400000;100000;123785;100000;191625;11;151742
Flavio Dino;1840834;400000;155411;101550;242269;110845;12;108333
Luiza Trajano;1792877;400000;159357;102193;100000;100000;13;166123
Rodrigo Maia;1696685;400000;135535;121598;100000;136813;14;118119
Jair Bolsonaro;7837554;400000;305333;400000;400000;400000;1;400000
Lula;4314747;400000;187796;198186;369245;184321;2;298575
Luciano Huck;3907537;400000;313749;209041;397457;126706;3;137033
Arthur Lira;3705407;400000;400000;151500;100000;204167;4;135269
Ciro Gomes;2804685;400000;169703;150626;345300;137161;5;148445
Fernando Haddad;2679759;400000;168444;122716;369343;158013;6;126574
Rodrigo Pacheco;2664071;400000;257993;100000;326751;115612;7;119554
Guilherme Boulos;2661062;400000;187244;129427;345903;153752;8;112636
Sergio Moro;2183004;400000;100000;128693;100000;225003;9;150575
Alexandre Kalil;2025804;400000;158042;122528;249158;126735;10;100000
Joao Doria;1985858;400000;130342;108336;209470;106498;11;168772
Flavio Dino;1904599;400000;164791;100745;242612;113475;12;109146
Luiza Trajano;1770210;400000;161983;100271;100000;100000;13;161579
Rodrigo Maia;1600260;400000;141664;113010;100000;121787;14;117622
Jair Bolsonaro;7865225;400000;310573;400000;400000;400000;1;400000
Lula;4360722;400000;188092;203532;376688;184932;2;297296
Luciano Huck;3973878;400000;315432;223633;397847;127909;3;131130
Arthur Lira;3757204;400000;400000;151535;100000;205576;4;143170
Guilherme Boulos;2747625;400000;190158;132455;364038;154494;5;113791
Fernando Haddad;2736193;400000;168880;127358;388031;156674;6;124708
Ciro Gomes;2704206;400000;171753;125786;361645;134928;7;148989
Rodrigo Pacheco;2641002;400000;256352;101635;322565;113372;8;119153
Sergio Moro;2179639;400000;100000;130171;100000;226642;9;146980
Alexandre Kalil;2040465;400000;158528;124252;249116;127190;10;100000
Joao Doria;1941877;400000;130514;109696;205746;106378;11;161098
Flavio Dino;1900890;400000;165665;102459;237116;112997;12;108702
Rodrigo Maia;1769156;400000;137497;132576;138744;121629;13;115245
Luiza Trajano;1736789;400000;160452;100000;100000;100000;14;157346
Jair Bolsonaro;7890325;400000;315325;400000;400000;400000;1;400000
Lula;4331377;400000;186278;195060;379431;180036;2;305692
Luciano Huck;3855934;400000;317623;195053;395794;132330;3;134052
Arthur Lira;3709937;400000;400000;142872;100000;198927;4;149634
Guilherme Boulos;2698769;400000;193798;125565;361527;148450;5;115268
Fernando Haddad;2689096;400000;165214;126037;394252;152469;6;122286
Ciro Gomes;2675581;400000;173214;129924;349633;138556;7;140138
Rodrigo Pacheco;2622785;400000;257285;104524;309873;112135;8;118642
Alexandre Kalil;2266173;400000;156014;144594;248963;151223;9;100000
Sergio Moro;2163454;400000;100000;125055;100000;223008;10;152618
Joao Doria;1897042;400000;134067;110754;205875;106564;11;148476
Flavio Dino;1891770;400000;163365;104451;237569;112485;12;107484
Luiza Trajano;1716379;400000;162415;100000;100000;100000;13;151868
Rodrigo Maia;1678868;400000;132529;126444;138701;116988;14;114335
Jair Bolsonaro;7953680;400000;327321;400000;400000;400000;1;400000
Lula;4434188;400000;191559;204308;380649;183958;2;305515
Luciano Huck;3768049;400000;330173;166776;392252;139603;3;130318
Arthur Lira;3689850;400000;400000;133884;100000;210786;4;144424
Guilherme Boulos;2797476;400000;200669;139216;364794;145067;5;114151
Rodrigo Pacheco;2738879;400000;268764;103191;336738;114260;6;116453
Ciro Gomes;2734345;400000;179041;137616;336836;144896;7;136982
Fernando Haddad;2608420;400000;169102;119938;388152;148737;8;116492
Sergio Moro;2436592;400000;100000;141785;100000;263279;9;147533
Alexandre Kalil;2240958;400000;158217;134766;248532;155221;10;100000
Flavio Dino;1891721;400000;166677;102411;243410;111768;11;104596
Joao Doria;1857863;400000;141031;110479;204067;107946;12;134753
Luiza Trajano;1664504;400000;163006;100000;100000;100000;13;142081
Rodrigo Maia;1658764;400000;132543;124462;138589;118655;14;111295
Jair Bolsonaro;8123998;400000;359570;400000;400000;400000;1;400000
Lula;4497426;400000;223838;199132;379358;161939;2;312294
Luciano Huck;4039393;400000;380926;171582;390863;132275;3;133273
Arthur Lira;3522786;400000;400000;129432;100000;179056;4;148106
Guilherme Boulos;2984171;400000;235747;137194;372104;141509;5;116581
Rodrigo Pacheco;2959183;400000;306540;102636;336507;111103;6;123693
Ciro Gomes;2923275;400000;210599;136014;345960;139509;7;143578
Fernando Haddad;2689956;400000;194835;115131;386965;144507;8;116070
Alexandre Kalil;2493098;400000;180126;143902;248984;171459;9;100000
Sergio Moro;2186085;400000;100000;134518;100000;242972;10;128836
Flavio Dino;2036920;400000;195663;101800;243184;110620;11;104958
Joao Doria;1872302;400000;152687;106731;196566;106126;12;135049
Luiza Trajano;1845474;400000;197159;100000;100000;100000;13;142187
Rodrigo Maia;1661442;400000;136359;124154;138644;114857;14;111930
Jair Bolsonaro;8251635;400000;383738;400000;400000;400000;1;400000
Lula;4444176;400000;229802;185711;386085;164602;2;305587
Luciano Huck;4043057;400000;400000;161842;396444;122442;3;132484
Arthur Lira;3036723;400000;356943;123874;100000;141514;4;141903
Rodrigo Pacheco;2963210;400000;290848;102489;350782;110197;5;134031
Guilherme Boulos;2962560;400000;238307;144274;336759;144662;6;115354
Ciro Gomes;2925485;400000;219959;131605;320539;135954;7;153770
Fernando Haddad;2692930;400000;199622;114254;385418;143720;8;114371
Alexandre Kalil;2553722;400000;183218;144257;248480;179960;9;100000
Sergio Moro;2263927;400000;100000;134830;100000;260386;10;126521
Flavio Dino;2045339;400000;203176;100925;244210;107893;11;102329
Joao Doria;1888671;400000;159310;106652;196417;106048;12;131952
Luiza Trajano;1800388;400000;190606;100000;100000;100000;13;140322
Rodrigo Maia;1569873;400000;133252;118603;131973;110606;14;110931
Jair Bolsonaro;8285402;400000;390131;400000;400000;400000;1;400000
Lula;5134462;400000;285837;258872;373403;188565;2;284841
Luciano Huck;4170795;400000;400000;191211;392123;120579;3;128838
Arthur Lira;3463995;400000;359331;111993;363408;119957;4;134825
Guilherme Boulos;3171293;400000;239995;183183;337324;138022;5;117076
Rodrigo Pacheco;3048398;400000;298475;101961;348446;108852;6;144784
Ciro Gomes;3021985;400000;225916;138692;331428;139777;7;149989
Fernando Haddad;2660185;400000;201962;113302;380692;140157;8;112577
Alexandre Kalil;2480358;400000;186538;143628;247916;163155;9;100000
Sergio Moro;2069217;400000;100000;133876;100000;226339;10;123827
Flavio Dino;2027272;400000;204683;100653;243029;105911;11;100282
Joao Doria;1941285;400000;166504;109051;189390;105028;12;136042
Luiza Trajano;1767884;400000;187709;100000;100000;100000;13;137260
Rodrigo Maia;1633995;400000;143955;124004;131852;107754;14;109428
Jair Bolsonaro;8283086;400000;389693;400000;400000;400000;1;400000
Lula;5391054;400000;303216;294247;373022;175712;2;289992
Luciano Huck;3981354;400000;400000;179478;348756;116557;3;129275
Arthur Lira;3495566;400000;366129;112539;363311;119208;4;134220
Guilherme Boulos;3141893;400000;251712;168246;329866;138681;5;118636
Rodrigo Pacheco;3053415;400000;296774;102730;340700;108388;6;150226
Ciro Gomes;2940138;400000;217593;141542;306286;140150;7;150751
Fernando Haddad;2560434;400000;196220;109561;379792;130434;8;113266
Alexandre Kalil;2485503;400000;182206;149890;247861;159677;9;101796
Sergio Moro;2075107;400000;100000;139003;100000;219468;10;125907
Flavio Dino;2011559;400000;201350;100625;245225;105591;11;100000
Joao Doria;1949864;400000;160047;113165;189467;104548;12;139851
Luiza Trajano;1791219;400000;185055;100000;100000;100000;13;143907
Rodrigo Maia;1494419;400000;133592;115751;114829;107729;14;110035
Jair Bolsonaro;8295239;400000;391994;400000;400000;400000;1;400000
Lula;5410614;400000;308835;272428;378768;184548;2;299924
Luciano Huck;3712702;400000;400000;133894;376460;106925;3;124829
Arthur Lira;3516770;400000;372686;115923;363490;119300;4;128222
Guilherme Boulos;3121647;400000;251871;166883;307813;145479;5;119514
Rodrigo Pacheco;3102136;400000;295450;106169;347191;110427;6;152008
Ciro Gomes;2905791;400000;216719;138152;294318;144430;7;150134
Fernando Haddad;2778357;400000;202547;122778;368368;156948;8;113389
Sergio Moro;2173142;400000;100000;143583;100000;234161;9;125315
Flavio Dino;2038314;400000;200084;104111;245208;108235;10;100000
Joao Doria;2019750;400000;165080;115741;188524;105046;11;144883
Luiza Trajano;1759771;400000;177195;104251;100000;100281;12;141112
Alexandre Kalil;1539372;400000;181844;100000;100000;100000;13;102104
Rodrigo Maia;1520851;400000;134958;121724;111126;107698;14;108981
Jair Bolsonaro;8337209;400000;399941;400000;400000;400000;1;400000
Lula;5379864;400000;328796;265129;375747;179076;2;289397
Luciano Huck;3828727;400000;400000;135032;388918;109992;3;136201
Arthur Lira;3520680;400000;373066;116421;363759;116468;4;130517
Rodrigo Pacheco;3094765;400000;299148;106304;339093;108838;5;151989
Ciro Gomes;2969686;400000;222337;142900;297661;138604;6;155261
Guilherme Boulos;2858750;400000;255839;131849;286976;136720;7;121569
Fernando Haddad;2827493;400000;206844;127714;355755;161722;8;114113
Joao Doria;2065749;400000;171402;114464;188681;104645;9;148726
Flavio Dino;2050399;400000;202146;103818;250169;106466;10;100000
Luiza Trajano;1732390;400000;178201;102672;100000;100237;11;136942
Alexandre Kalil;1549411;400000;184111;100000;100000;100000;12;101759
Rodrigo Maia;1510131;400000;133309;121834;111137;107972;13;108257
Sergio Moro;1237761;400000;100000;100000;100000;100000;14;125353
Jair Bolsonaro;8337521;400000;400000;400000;400000;400000;1;400000
Lula;5370851;400000;338811;246406;374589;183776;2;293672
Luciano Huck;3692176;400000;380971;127220;394630;109031;3;136177
Arthur Lira;3448823;400000;370208;113776;362972;113101;4;126510
Rodrigo Pacheco;3045903;400000;300112;105923;340434;109258;5;141821
Ciro Gomes;2976065;400000;222898;139244;306772;134312;6;159606
Guilherme Boulos;2925370;400000;257332;144564;291673;135501;7;118170
Fernando Haddad;2792856;400000;206735;130378;327026;167676;8;112199
Flavio Dino;2056136;400000;203630;105536;237263;110195;9;100000
Joao Doria;1989570;400000;165965;114557;179616;104916;10;143814
Luiza Trajano;1744086;400000;186809;102004;100000;100293;11;131563
Rodrigo Maia;1563530;400000;143086;121032;111104;111066;12;106587
Alexandre Kalil;1547879;400000;184508;100000;100000;100000;13;101114
Sergio Moro;1209449;400000;100000;100000;100000;100000;14;120315
Jair Bolsonaro;7624805;400000;265341;400000;399361;400000;1;400000
Lula;5033050;400000;205791;259316;388581;224268;2;302596
Luciano Huck;3984549;400000;400000;147379;400000;122630;3;135114
Arthur Lira;2864567;400000;246271;118184;367121;121325;4;125272
Ciro Gomes;2655633;400000;152800;143588;300019;150253;5;152417
Rodrigo Pacheco;2578261;400000;217743;107996;327307;109615;6;139188
Guilherme Boulos;2532618;400000;167651;146771;306354;144562;7;115793
Fernando Haddad;2434874;400000;151697;129759;324680;157005;8;111567
Joao Doria;1831684;400000;108428;134023;177926;111841;9;144381
Flavio Dino;1762865;400000;147985;106043;230533;111451;10;101325
Luiza Trajano;1652485;400000;167156;104089;100000;100195;11;131697
Sergio Moro;1418166;400000;100000;111713;100000;129194;12;118956
Rodrigo Maia;1399678;400000;105615;126280;108340;115519;13;104428
Alexandre Kalil;1249305;400000;129159;100000;100000;100000;14;100000
Jair Bolsonaro;8064078;400000;400000;400000;286157;400000;1;400000
Lula;4677758;400000;286292;187655;400000;148823;2;300492
Luciano Huck;3733903;400000;378834;134142;398741;110979;3;135030
Arthur Lira;3511885;400000;393875;114587;314640;121902;4;127312
Rodrigo Pacheco;3163718;400000;319182;106566;334569;105408;5;150219
Fernando Haddad;3035848;400000;215729;147735;353908;173980;6;112078
Ciro Gomes;2870767;400000;224525;136893;284399;130375;7;154879
Guilherme Boulos;2738198;400000;241791;140846;293208;127533;8;109848
Flavio Dino;2130877;400000;217281;105133;237383;107422;9;103353
Joao Doria;2077216;400000;181570;115880;184686;107480;10;138895
Luiza Trajano;1584545;400000;153124;103831;100000;100179;11;133073
Rodrigo Maia;1566020;400000;149017;118366;112133;111221;12;103590
Alexandre Kalil;1537688;400000;183763;100000;100000;100000;13;100000
Sergio Moro;1388171;400000;100000;111629;100000;123527;14;118861
Jair Bolsonaro;8096939;400000;400000;400000;299838;400000;1;400000
Lula;4693643;400000;271762;199014;395605;165443;2;292157
Luciano Huck;3754666;400000;372819;140547;400000;115263;3;133417
Arthur Lira;3584062;400000;395846;120427;318521;132961;4;120631
Rodrigo Pacheco;3231376;400000;329663;107039;347964;105349;5;146255
Fernando Haddad;2968351;400000;208111;147734;344703;172201;6;112781
Ciro Gomes;2922816;400000;219954;141246;292745;136242;7;155096
Guilherme Boulos;2696182;400000;229278;140636;298804;130389;8;109355
Joao Doria;2300474;400000;205724;131165;151024;112512;9;150162
Flavio Dino;2237558;400000;232488;106651;235069;109554;10;105548
Luiza Trajano;1600526;400000;161420;103302;100000;100204;11;128635
Alexandre Kalil;1563212;400000;188596;100000;100000;100000;12;100000
Rodrigo Maia;1552161;400000;145502;117323;119753;110322;13;103051
Sergio Moro;1406519;400000;100000;113857;100000;126805;14;116873
Jair Bolsonaro;8337521;400000;400000;400000;400000;400000;1;400000
Lula;3797771;400000;263247;143694;229399;155567;2;277118
Arthur Lira;3543305;400000;385304;119960;328472;134721;3;117906
Luciano Huck;3536190;400000;359239;146612;325401;118278;4;130263
Rodrigo Pacheco;3298425;400000;321475;105181;398560;104687;5;146751
Ciro Gomes;2983967;400000;218014;134690;351530;129842;6;155178
Fernando Haddad;2904554;400000;203695;136032;388350;157238;7;112461
Guilherme Boulos;2704027;400000;222361;134410;339465;129131;8;107359
Flavio Dino;2326235;400000;238533;105496;257348;108200;9;108535
Joao Doria;2177001;400000;198564;118427;149537;107793;10;152825
Rodrigo Maia;1672854;400000;146082;122756;128758;122492;11;103524
Luiza Trajano;1640101;400000;168727;102230;100000;100074;12;130021
Alexandre Kalil;1538660;400000;183947;100000;100000;100000;13;100000
Sergio Moro;1368126;400000;100000;113691;100000;126530;14;110459
Jair Bolsonaro;8337521;400000;400000;400000;400000;400000;1;400000
Lula;3978732;400000;270104;143269;230337;169495;2;290236
Arthur Lira;3765205;400000;384211;133054;319244;174500;3;112824
Luciano Huck;3532588;400000;355753;167577;304249;122489;4;116748
Rodrigo Pacheco;3218858;400000;315740;105565;387397;106296;5;140898
Ciro Gomes;3035841;400000;227111;133583;340765;143069;6;149550
Fernando Haddad;3028961;400000;209249;138378;385552;176229;7;110903
Guilherme Boulos;2773131;400000;223077;135222;328870;150035;8;103661
Flavio Dino;2372273;400000;243377;106655;252074;112276;9;109539
Joao Doria;2234063;400000;206208;121183;145709;110854;10;151839
Rodrigo Maia;1722960;400000;148769;125550;125047;129534;11;102247
Alexandre Kalil;1608365;400000;197145;100000;100000;100000;12;100000
Luiza Trajano;1588150;400000;161261;102220;100000;100119;13;127761
Sergio Moro;1418172;400000;100000;115605;100000;136025;14;108774
Jair Bolsonaro;8318600;400000;400000;400000;392122;400000;1;400000
Lula;4146428;400000;311973;137596;236478;155885;2;296269
Arthur Lira;3672726;400000;351744;137304;310766;192525;3;109771
Luciano Huck;3495314;400000;338998;184383;254812;135881;4;117686
Fernando Haddad;3349429;400000;244249;141103;400000;193879;5;110023
Rodrigo Pacheco;3198676;400000;317689;105907;376283;107748;6;138554
Ciro Gomes;3146312;400000;257292;135464;321269;149824;7;141112
Guilherme Boulos;2952986;400000;257307;129525;328181;159521;8;100961
Flavio Dino;2525492;400000;273096;105470;261278;110174;9;108059
Joao Doria;2473918;400000;231452;127883;148224;113484;10;160504
Rodrigo Maia;1924086;400000;184254;126261;124078;134344;11;100000
Alexandre Kalil;1787182;400000;230685;100000;100000;100000;12;100299
Luiza Trajano;1549258;400000;155490;102084;100000;100148;13;126376
Sergio Moro;1469326;400000;100000;117743;100000;144789;14;107723
Jair Bolsonaro;8304032;400000;400000;400000;386057;400000;1;400000
Luciano Huck;3800600;400000;358747;184960;274093;136789;2;143798
Lula;3698343;400000;311741;140156;246183;149956;3;215379
Arthur Lira;3605124;400000;358644;134130;311246;169266;4;115452
Ciro Gomes;3297808;400000;249101;138409;322426;152953;5;169431
Rodrigo Pacheco;3166975;400000;294828;104392;376193;104399;6;159031
Fernando Haddad;3139657;400000;218779;139215;400000;169814;7;120456
Joao Doria;2975293;400000;216559;128459;149970;113873;8;262048
Guilherme Boulos;2870029;400000;233933;132109;328893;159458;9;105287
Flavio Dino;2448020;400000;252570;105944;261947;110461;10;112534
Luiza Trajano;2042449;400000;200735;103428;100000;100139;11;170262
Rodrigo Maia;1810336;400000;158059;129122;124133;135925;12;100000
Alexandre Kalil;1708908;400000;209073;100000;100000;100000;13;106683
Sergio Moro;1152863;400000;100000;100000;100000;100000;14;110244
Jair Bolsonaro;7418004;400000;241850;400000;364914;400000;1;400000
Lula;5070423;400000;304328;201120;238922;173613;2;386001
Luciano Huck;4464219;400000;400000;230706;322691;147687;3;145828
Arthur Lira;2822388;400000;175067;146951;237500;223735;4;117584
Ciro Gomes;2662219;400000;124079;134758;315991;148818;5;184060
Guilherme Boulos;2610723;400000;130609;138963;355688;190112;6;109918
Fernando Haddad;2479975;400000;131722;126685;378149;152343;7;122887
Luiza Trajano;2472826;400000;130548;105092;400000;100122;8;182906
Joao Doria;2449306;400000;107790;127934;142855;112381;9;275607
Rodrigo Pacheco;2119793;400000;143249;103276;368586;103299;10;120524
Flavio Dino;1738654;400000;119089;105790;246428;113821;11;115482
Rodrigo Maia;1605963;400000;100000;129599;122567;156122;12;100000
Sergio Moro;1290783;400000;105239;100000;100000;100000;13;129865
Alexandre Kalil;1206002;400000;112030;100000;100000;100000;14;108394
